objectid,mun_italian,mun_german,plz,loc_german,loc_italian,unkat_de,ctolomei2
192,S.Lorenzo di Sebato,St.Lorenzen,39030,Maria Saalen,Sares,"409 - Weiler, Häusergruppe",3
1119,Tesimo,Tisens,39010,Gfrill,Cauria,408 - Ort < 1.000 Einwohner,2
2044,Monguelfo-Tesido,Welsberg-Taisten,39035,Welsberg,Monguelfo,403 - Hauptort und/oder Gemeinde > 1.000 Einwohner,6
2591,Brunico,Bruneck,39031,Sankt Georgen,San Giorgio,408 - Ort < 1.000 Einwohner,4
2664,Valdaora,Olang,39030,Oberolang,Valdaora di Sopra,407 - Ort > 1.000 Einwohner,3
2935,Plaus,Plaus,39025,Plaus,Plaus,404 - Hauptort und/oder Gemeinde < 1.000 Einwohner,0
3400,S.Martino in Passiria,St.Martin in Passeier,39010,Saltaus,Saltusio,408 - Ort < 1.000 Einwohner,3
3406,Salorno,Salurn,39040,Gfrill,Cauria,"409 - Weiler, Häusergruppe",2
4354,Ultimo,Ulten,39016,Sankt Walburg,Santa Valburga,403 - Hauptort und/oder Gemeinde > 1.000 Einwohner,4
4864,Campo di Trens,Freienfeld,39040,Elzenbaum,Pruno,408 - Ort < 1.000 Einwohner,4
6035,Rio di Pusteria,Mühlbach,39037,Vals,Valles,408 - Ort < 1.000 Einwohner,3
6499,Meltina,Mölten,39010,Schlaneid,Salonetto,408 - Ort < 1.000 Einwohner,5
7573,Moso in Passiria,Moos in Passeier,39013,Rabenstein,Corvara,408 - Ort < 1.000 Einwohner,4
7891,Egna,Neumarkt,39044,Mazon,Mazzon,"409 - Weiler, Häusergruppe",5
7971,Marlengo,Marling,39020,Marling,Marlengo,403 - Hauptort und/oder Gemeinde > 1.000 Einwohner,3
8118,Fie' allo Sciliar,Völs am Schlern,39050,Prösels,Presule,"409 - Weiler, Häusergruppe",5
8149,Naz-Sciaves,Natz-Schabs,39040,Natz,Naz,408 - Ort < 1.000 Einwohner,1
8338,Ultimo,Ulten,39016,St. Moritz,S. Maurizio,412 - Historisches Bauwerk,4
9088,Lana,Lana,39011,Lana,Lana,402 - Hauptort und/oder Gemeinde > 5.000 Einwohner,0
9866,Brunico,Bruneck,39031,Bruneck,Brunìco,402 - Hauptort und/oder Gemeinde > 5.000 Einwohner,2
9967,Castelrotto,Kastelruth,39040,Seis,Siusi,407 - Ort > 1.000 Einwohner,3
10213,Appiano,Eppan,39057,Missian,Missan,408 - Ort < 1.000 Einwohner,3
10966,Malles Venosta,Mals,39024,Tartsch,Tarces,408 - Ort < 1.000 Einwohner,5
11689,Nova Ponente,Deutschnofen,39050,Petersberg,Monte S. Pietro,408 - Ort < 1.000 Einwohner,4
11850,Egna,Neumarkt,39044,Laag,Laghetto,408 - Ort < 1.000 Einwohner,2
11868,Merano,Meran,39012,Untermais,Maia Bassa,406 - Ort > 5.000 Einwohner,2
12173,Malles Venosta,Mals,39024,Mals,Malles,403 - Hauptort und/oder Gemeinde > 1.000 Einwohner,3
12179,Barbiano,Barbian,39040,Barbian,Barbiano,403 - Hauptort und/oder Gemeinde > 1.000 Einwohner,3
12580,Lagundo,Algund,39022,Algund,Lagundo,403 - Hauptort und/oder Gemeinde > 1.000 Einwohner,3
12794,Racines,Ratschings,39040,Ridnaun,Ridanna,408 - Ort < 1.000 Einwohner,3
13592,Tesimo,Tisens,39010,Tisens,Tesimo,403 - Hauptort und/oder Gemeinde > 1.000 Einwohner,2
14225,Renon,Ritten,39054,Gissmann,Madonnina,"409 - Weiler, Häusergruppe",6
14441,Campo Tures,Sand in Taufers,39032,Sand in Taufers,Campo Tures,402 - Hauptort und/oder Gemeinde > 5.000 Einwohner,4
14732,Badia,Abtei,39036,Abtei,Badia,403 - Hauptort und/oder Gemeinde > 1.000 Einwohner,1
14770,Ora,Auer,39040,Auer,Ora,403 - Hauptort und/oder Gemeinde > 1.000 Einwohner,2
16985,Lana,Lana,39011,Völlan,Foiana,407 - Ort > 1.000 Einwohner,3
17664,Sluderno,Schluderns,39020,Schluderns,Sluderno,403 - Hauptort und/oder Gemeinde > 1.000 Einwohner,5
17878,Fie' allo Sciliar,Völs am Schlern,39050,Breien,Briè,"409 - Weiler, Häusergruppe",5
18004,Appiano,Eppan,39057,Sankt Michael,San Michele,407 - Ort > 1.000 Einwohner,4
18314,Badia,Abtei,39036,Stern,La Villa,408 - Ort < 1.000 Einwohner,1
18843,Perca,Percha,39030,Wielenberg,Montevila,"409 - Weiler, Häusergruppe",4
19187,Castelbello-Ciardes,Kastelbell-Tschars,39020,Tschars,Ciardes,408 - Ort < 1.000 Einwohner,5
19460,Bressanone,Brixen,39042,Sankt Andrä,Sant’Andrea,408 - Ort < 1.000 Einwohner,4
20296,Luson,Lüsen,39040,Rungg,Ronco,"409 - Weiler, Häusergruppe",3
20742,Rasun Anterselva,Rasen-Antholz,39030,Niederrasen,Rasun di Sotto,404 - Hauptort und/oder Gemeinde < 1.000 Einwohner,4
21414,Nova Levante,Welschnofen,39056,Welschnofen,Nova,403 - Hauptort und/oder Gemeinde > 1.000 Einwohner,6
21450,Anterivo,Altrei,39040,Altrei,Anterivo,404 - Hauptort und/oder Gemeinde < 1.000 Einwohner,2
22003,Scena,Schenna,39017,Videgg,Viadacqua,"409 - Weiler, Häusergruppe",5
22557,Malles Venosta,Mals,39024,Plawenn,Piavenna,408 - Ort < 1.000 Einwohner,3
22584,Caldaro,Kaltern,39052,Unterplanitzing,Planezza di Sotto,"409 - Weiler, Häusergruppe",3
22820,Renon,Ritten,39054,Oberinn,Auna di Sopra,408 - Ort < 1.000 Einwohner,3
23452,Fie' allo Sciliar,Völs am Schlern,39050,Ums,Umes,"409 - Weiler, Häusergruppe",3
23668,Gais,Gais,39030,Tesselberg,Montassilone,408 - Ort < 1.000 Einwohner,4
23898,Chienes,Kiens,39030,Ehrenburg,Casteldarne,408 - Ort < 1.000 Einwohner,4
23977,Campo Tures,Sand in Taufers,39032,Rein,Riva di Tures,408 - Ort < 1.000 Einwohner,3
24001,Ultimo,Ulten,39016,Sankt Nikolaus,San Nicolò,408 - Ort < 1.000 Einwohner,4
24006,Laces,Latsch,39021,Latsch,Laces,402 - Hauptort und/oder Gemeinde > 5.000 Einwohner,5
24233,Nova Ponente,Deutschnofen,39050,Rauth,Novale,"409 - Weiler, Häusergruppe",4
24723,Senales,Schnals,39020,Unser Frau,Madonna,408 - Ort < 1.000 Einwohner,4
25244,Lasa,Laas,39023,Tarnell,Tarnello,"409 - Weiler, Häusergruppe",3
25284,Valdaora,Olang,39030,Niederolang,Valdaora di Sotto,408 - Ort < 1.000 Einwohner,3
25870,S.Martino in Badia,St.Martin in Thurn,39030,Campill,Lungiarù,408 - Ort < 1.000 Einwohner,1
27077,Montagna,Montan,39040,Montan,Montagna,403 - Hauptort und/oder Gemeinde > 1.000 Einwohner,3
27444,Laion,Lajen,39040,Sankt Peter,San Pietro,408 - Ort < 1.000 Einwohner,4
27603,Bressanone,Brixen,39042,Pinzagen,Pinzago,"409 - Weiler, Häusergruppe",3
27732,Proves,Proveis,39040,Proveis,Proves,404 - Hauptort und/oder Gemeinde < 1.000 Einwohner,2
28118,Lasa,Laas,39023,Tanas,Tanas,408 - Ort < 1.000 Einwohner,0
28429,Appiano,Eppan,39057,Girlan,Ghirla,407 - Ort > 1.000 Einwohner,3
28458,Malles Venosta,Mals,39024,Laatsch,Laudes,408 - Ort < 1.000 Einwohner,5
29146,Valdaora,Olang,39030,Geiselsberg,Sorafurcia,"409 - Weiler, Häusergruppe",3
29455,Trodena,Truden,39040,Truden,Trodena,403 - Hauptort und/oder Gemeinde > 1.000 Einwohner,2
29692,Lasa,Laas,39023,Eyrs,Oris,408 - Ort < 1.000 Einwohner,1
30731,Caines,Kuens,39010,Kuens,Caines,404 - Hauptort und/oder Gemeinde < 1.000 Einwohner,5
30953,Barbiano,Barbian,39040,Kollmann,Colma,408 - Ort < 1.000 Einwohner,5
31129,Magre',Margreid,39040,Margreid,Magré,403 - Hauptort und/oder Gemeinde > 1.000 Einwohner,2
31629,Predoi,Prettau,39030,Prettau,Predoi,404 - Hauptort und/oder Gemeinde < 1.000 Einwohner,5
31982,Termeno,Tramin,39040,Tramin,Termeno,403 - Hauptort und/oder Gemeinde > 1.000 Einwohner,2
32195,Chienes,Kiens,39030,Hofern,Corti,408 - Ort < 1.000 Einwohner,4
33299,Falzes,Pfalzen,39030,Pfalzen,Falzes,403 - Hauptort und/oder Gemeinde > 1.000 Einwohner,5
33991,Lauregno,Laurein,39040,Laurein,Lauregno,404 - Hauptort und/oder Gemeinde < 1.000 Einwohner,2
34333,Postal,Burgstall,39014,Burgstall,Póstal,403 - Hauptort und/oder Gemeinde > 1.000 Einwohner,2
34543,Verano,Vöran,39010,Vöran,Verano,404 - Hauptort und/oder Gemeinde < 1.000 Einwohner,3
34877,Fortezza,Franzensfeste,39045,Franzensfeste,Fortezza,403 - Hauptort und/oder Gemeinde > 1.000 Einwohner,2
34955,Bolzano,Bozen,39100,Rentsch,Rencio,"409 - Weiler, Häusergruppe",3
35314,Rodengo,Rodeneck,39037,Rodeneck,Rodengo,403 - Hauptort und/oder Gemeinde > 1.000 Einwohner,5
35980,Senale-S.Felice,U.L.Frau i.W.-St.Felix,39010,Unsere liebe Frau im Walde - Sankt Felix,Senale - San Felice,408 - Ort < 1.000 Einwohner,2
36585,Renon,Ritten,39054,Lengmoos,Longomoso,408 - Ort < 1.000 Einwohner,5
36691,Merano,Meran,39012,Meran,Merano,401 - Hauptort und/oder Gemeinde > 30.000 Einwohner,2
36761,Andriano,Andrian,39010,Andrian,Andriano,403 - Hauptort und/oder Gemeinde > 1.000 Einwohner,3
36920,Malles Venosta,Mals,39024,Planeil,Planol,408 - Ort < 1.000 Einwohner,3
37399,Rifiano,Riffian,39010,Vernuer,Vernurio,"409 - Weiler, Häusergruppe",3
37716,Cortaccia,Kurtatsch,39040,Entiklar,Niclàr,"409 - Weiler, Häusergruppe",5
37856,Sarentino,Sarntal,39058,Asten,Laste,"409 - Weiler, Häusergruppe",6
38085,Valdaora,Olang,39030,Mitterolang,Valdaora di Mezzo,403 - Hauptort und/oder Gemeinde > 1.000 Einwohner,3
38409,Cornedo all'Isarco,Karneid,39053,Kardaun,Cardano,404 - Hauptort und/oder Gemeinde < 1.000 Einwohner,3
38503,Racines,Ratschings,39040,Ratschings,Racines,403 - Hauptort und/oder Gemeinde > 1.000 Einwohner,1
39454,Varna,Vahrn,39040,Schalders,Scaleres,408 - Ort < 1.000 Einwohner,3
40271,Perca,Percha,39030,Nasen,Nessano,"409 - Weiler, Häusergruppe",5
40324,Val di Vizze,Pfitsch,39049,Pfitsch,Val di Vizze,403 - Hauptort und/oder Gemeinde > 1.000 Einwohner,3
40485,Naz-Sciaves,Natz-Schabs,39040,Viums,Fiumes,408 - Ort < 1.000 Einwohner,3
40770,Brunico,Bruneck,39031,Stegen,Stegona,408 - Ort < 1.000 Einwohner,5
40794,Marebbe,Enneberg,39030,Zwischenwasser,Longega,"409 - Weiler, Häusergruppe",1
40861,Silandro,Schlanders,39028,Kortsch,Corzes,408 - Ort < 1.000 Einwohner,3
40918,Brunico,Bruneck,39031,Luns,Lunes,"409 - Weiler, Häusergruppe",5
41051,Sarentino,Sarntal,39058,Aberstückl,Sonvigo,"409 - Weiler, Häusergruppe",4
42236,Campo Tures,Sand in Taufers,39032,Ahornach,Acereto,408 - Ort < 1.000 Einwohner,4
42324,Lasa,Laas,39023,Laas,Lasa,403 - Hauptort und/oder Gemeinde > 1.000 Einwohner,5
42363,Velturno,Feldthurns,39040,Schnauders,Snodres,"409 - Weiler, Häusergruppe",3
42875,Sarentino,Sarntal,39058,Bundschen,Ponticino,"409 - Weiler, Häusergruppe",5
43041,Selva dei Molini,Mühlwald,39030,Lappach,Lappago,408 - Ort < 1.000 Einwohner,5
43163,Appiano,Eppan,39057,Montiggl,Montìchel,408 - Ort < 1.000 Einwohner,3
43657,Silandro,Schlanders,39028,Schlanders,Silandro,402 - Hauptort und/oder Gemeinde > 5.000 Einwohner,5
43950,Laives,Leifers,39055,Seit,La Costa,"409 - Weiler, Häusergruppe",4
44012,Corvara in Badia,Corvara,39033,Colfosch,Colfosco,408 - Ort < 1.000 Einwohner,1
44446,Senales,Schnals,39020,Karthaus,Certosa,404 - Hauptort und/oder Gemeinde < 1.000 Einwohner,4
44463,Vandoies,Vintl,39030,Weitental,Vallarga,408 - Ort < 1.000 Einwohner,4
44949,Parcines,Partschins,39020,Töll,Tel,408 - Ort < 1.000 Einwohner,3
47386,Vipiteno,Sterzing,39049,Tschöfs,Ceves,408 - Ort < 1.000 Einwohner,1
49956,Vipiteno,Sterzing,39049,Flans,Flanes,"409 - Weiler, Häusergruppe",5
50301,Cermes,Tscherms,39010,Tscherms,Cermes,403 - Hauptort und/oder Gemeinde > 1.000 Einwohner,3
50835,Laion,Lajen,39040,Tschöfas,Ceves,"409 - Weiler, Häusergruppe",1
51194,Meltina,Mölten,39010,Verschneid,Frassineto,408 - Ort < 1.000 Einwohner,3
51196,Luson,Lüsen,39040,Flitt,Valletta,"409 - Weiler, Häusergruppe",5
51413,Bressanone,Brixen,39042,Milland,Millan,407 - Ort > 1.000 Einwohner,3
51686,Renon,Ritten,39054,Lengstein,Longostagno,408 - Ort < 1.000 Einwohner,5
51716,Rifiano,Riffian,39010,Gfeis,Caveis,"409 - Weiler, Häusergruppe",1
51810,Sarentino,Sarntal,39058,Weissenbach,Riobianco,408 - Ort < 1.000 Einwohner,4
51956,Stelvio,Stilfs,39029,Trafoi,Trafoi,408 - Ort < 1.000 Einwohner,3
52075,Selva di Val Gardena,Wolkenstein in Gröden,39048,Wolkenstein,Selva,403 - Hauptort und/oder Gemeinde > 1.000 Einwohner,1
52236,Cornedo all'Isarco,Karneid,39053,Steinegg,Collepietra,408 - Ort < 1.000 Einwohner,4
52380,Rio di Pusteria,Mühlbach,39037,Meransen,Maranza,408 - Ort < 1.000 Einwohner,3
53737,Perca,Percha,39030,Percha,Perca,403 - Hauptort und/oder Gemeinde > 1.000 Einwohner,5
55280,Brennero,Brenner,39041,Pflersch,Fleres,410 - Einzelhaus,5
55321,Racines,Ratschings,39040,Mareit,Mareta,407 - Ort > 1.000 Einwohner,5
55892,Marebbe,Enneberg,39030,Enneberg,Marebbe,403 - Hauptort und/oder Gemeinde > 1.000 Einwohner,1
56089,Montagna,Montan,39040,Gschnon,Casignano,"409 - Weiler, Häusergruppe",2
56890,Laives,Leifers,39055,Leifers,Laives,402 - Hauptort und/oder Gemeinde > 5.000 Einwohner,2
57145,Dobbiaco,Toblach,39034,Aufkirchen,Santa Maria,"409 - Weiler, Häusergruppe",6
59176,Parcines,Partschins,39020,Partschins,Parcines,403 - Hauptort und/oder Gemeinde > 1.000 Einwohner,1
59421,Campo di Trens,Freienfeld,39040,Pfulters,Fuldres,408 - Ort < 1.000 Einwohner,3
59423,Val di Vizze,Pfitsch,39049,Wiesen,Prati,403 - Hauptort und/oder Gemeinde > 1.000 Einwohner,4
60239,Prato allo Stelvio,Prad am Stilfser Joch,39026,Agums,Agumes,408 - Ort < 1.000 Einwohner,3
60484,Brunico,Bruneck,39031,Reischach,Riscone,408 - Ort < 1.000 Einwohner,3
60742,Vipiteno,Sterzing,39049,Ried,Novale,"409 - Weiler, Häusergruppe",4
61036,Chiusa,Klausen,39043,Gufidaun,Gudon,407 - Ort > 1.000 Einwohner,3
61068,Sarentino,Sarntal,39058,Riedelsberg,Montenovale,"409 - Weiler, Häusergruppe",4
61069,Sarentino,Sarntal,39058,Durnholz,Valdurna,408 - Ort < 1.000 Einwohner,4
61415,Curon Venosta,Graun im Vinschgau,39027,St. Valentin auf der Haide,S. Valentino alla Muta,408 - Ort < 1.000 Einwohner,4
61515,Braies,Prags,39030,St. Veit,S. Vito,408 - Ort < 1.000 Einwohner,4
61898,Caldaro,Kaltern,39052,Kaltern,Caldaro,402 - Hauptort und/oder Gemeinde > 5.000 Einwohner,2
62083,Nova Ponente,Deutschnofen,39050,Deutschnofen,Nova Tedesca,403 - Hauptort und/oder Gemeinde > 1.000 Einwohner,6
62622,Prato allo Stelvio,Prad am Stilfser Joch,39026,Prad,Prato allo Stelvio,403 - Hauptort und/oder Gemeinde > 1.000 Einwohner,3
63805,Sarentino,Sarntal,39058,Nordheim-Astfeld,Villa-Campolasta,408 - Ort < 1.000 Einwohner,4
63899,Ponte Gardena,Waidbruck,39040,Waidbruck,Ponte Gardena,404 - Hauptort und/oder Gemeinde < 1.000 Einwohner,6
64834,Bolzano,Bozen,39100,Sigmundskron,Ponte Adige,406 - Ort > 5.000 Einwohner,3
64847,Bressanone,Brixen,39042,Tils,Tiles,408 - Ort < 1.000 Einwohner,5
64872,Salorno,Salurn,39040,Salurn,Salorno,403 - Hauptort und/oder Gemeinde > 1.000 Einwohner,2
65212,Bolzano,Bozen,39100,Kampenn,Campegno,"409 - Weiler, Häusergruppe",3
65484,Campo di Trens,Freienfeld,39040,Stilfes,Stilves,408 - Ort < 1.000 Einwohner,1
65758,Merano,Meran,39012,Gratsch,Quarazze,"409 - Weiler, Häusergruppe",3
65828,Renon,Ritten,39054,Wangen,Vanga,408 - Ort < 1.000 Einwohner,5
66653,Sarentino,Sarntal,39058,Sarnthein,Sarentino,403 - Hauptort und/oder Gemeinde > 1.000 Einwohner,5
66877,Montagna,Montan,39040,Glen,Gleno,"409 - Weiler, Häusergruppe",3
67025,S.Candido,Innichen,39038,Winnebach,Prato alla Drava,408 - Ort < 1.000 Einwohner,4
67192,Ortisei,St.Ulrich,39046,St. Jakob,S. Giacomo,"409 - Weiler, Häusergruppe",4
67511,Dobbiaco,Toblach,39034,Toblach,Dobbiaco,403 - Hauptort und/oder Gemeinde > 1.000 Einwohner,2
68874,Lagundo,Algund,39022,Vellau,Velloi,408 - Ort < 1.000 Einwohner,1
69217,Lagundo,Algund,39022,Aschbach,Rio Lagundo,408 - Ort < 1.000 Einwohner,4
70751,Renon,Ritten,39054,Ritten,Renon,402 - Hauptort und/oder Gemeinde > 5.000 Einwohner,3
70759,S.Martino in Badia,St.Martin in Thurn,39030,Pikolein,Piccolino,408 - Ort < 1.000 Einwohner,1
70906,Gais,Gais,39030,Gais,Gais,403 - Hauptort und/oder Gemeinde > 1.000 Einwohner,0
71228,S.Martino in Passiria,St.Martin in Passeier,39010,Sankt Martin in Passeier,San Martino in Passiria,403 - Hauptort und/oder Gemeinde > 1.000 Einwohner,4
71376,Montagna,Montan,39040,Kaltenbrunn,Fontanefredde,408 - Ort < 1.000 Einwohner,2
71708,Appiano,Eppan,39057,Perdonig,Predonico,"409 - Weiler, Häusergruppe",3
71899,Gais,Gais,39030,Uttenheim,Villa Ottone,408 - Ort < 1.000 Einwohner,4
72071,Campo Tures,Sand in Taufers,39032,Mühlen,Molini di Tures,408 - Ort < 1.000 Einwohner,4
73005,Velturno,Feldthurns,39040,Schrambach,S. Pietro Mezzomonte,"409 - Weiler, Häusergruppe",6
73085,Bolzano,Bozen,39100,St. Justina,S. Giustina,412 - Historisches Bauwerk,4
73528,Terlano,Terlan,39018,Siebeneich,Settequerce,408 - Ort < 1.000 Einwohner,4
73691,Bressanone,Brixen,39042,Brixen,Bressanone,402 - Hauptort und/oder Gemeinde > 5.000 Einwohner,2
74172,Brunico,Bruneck,39031,Dietenheim,Teodone,408 - Ort < 1.000 Einwohner,4
74675,Val di Vizze,Pfitsch,39049,Kematen,Caminata,408 - Ort < 1.000 Einwohner,3
74717,Valle di Casies,Gsies,39030,Unterplanken,Planca di Sotto,"409 - Weiler, Häusergruppe",4
75479,Aldino,Aldein,39040,Aldein,Aldino,403 - Hauptort und/oder Gemeinde > 1.000 Einwohner,5
75764,Terento,Terenten,39030,Terenten,Terento,403 - Hauptort und/oder Gemeinde > 1.000 Einwohner,3
76128,Sarentino,Sarntal,39058,Reinswald,S. Martino,408 - Ort < 1.000 Einwohner,6
76518,Vandoies,Vintl,39030,Niedervintl,Vandoies di Sotto,404 - Hauptort und/oder Gemeinde < 1.000 Einwohner,3
76795,S.Lorenzo di Sebato,St.Lorenzen,39030,Pflaurenz,Floronzo,"409 - Weiler, Häusergruppe",5
77076,Castelrotto,Kastelruth,39040,Kastelruth,Castelrotto,402 - Hauptort und/oder Gemeinde > 5.000 Einwohner,2
77585,Vandoies,Vintl,39030,Obervintl,Vandoies di Sopra,408 - Ort < 1.000 Einwohner,3
77874,Laion,Lajen,39040,Lajen,Laion,403 - Hauptort und/oder Gemeinde > 1.000 Einwohner,2
77904,Curon Venosta,Graun im Vinschgau,39027,Reschen,Resia,408 - Ort < 1.000 Einwohner,5
78032,Chiusa,Klausen,39043,Verdings,Verdinges,408 - Ort < 1.000 Einwohner,3
78520,Laion,Lajen,39040,Freins,Fraina,408 - Ort < 1.000 Einwohner,3
78672,Bressanone,Brixen,39042,Sankt Leonhard,San Leonardo,"409 - Weiler, Häusergruppe",4
78963,Funes,Villnöss,39040,Teis,Tiso,408 - Ort < 1.000 Einwohner,5
79046,Valle Aurina,Ahrntal,39030,St. Martin,S. Martino,"409 - Weiler, Häusergruppe",4
79112,Laces,Latsch,39021,Morter,Morter,408 - Ort < 1.000 Einwohner,0
79578,Nalles,Nals,39010,Nals,Nalles,403 - Hauptort und/oder Gemeinde > 1.000 Einwohner,1
80049,Valle Aurina,Ahrntal,39030,Sankt Peter,San Pietro,408 - Ort < 1.000 Einwohner,4
81103,Racines,Ratschings,39040,Stange,Stanghe,404 - Hauptort und/oder Gemeinde < 1.000 Einwohner,5
81245,Predoi,Prettau,39030,Kasern,Casere,"409 - Weiler, Häusergruppe",5
81303,Gargazzone,Gargazon,39010,Gargazon,Gargazzone,403 - Hauptort und/oder Gemeinde > 1.000 Einwohner,2
84429,Lasa,Laas,39023,Allitz,Alliz,"409 - Weiler, Häusergruppe",1
84625,Appiano,Eppan,39057,Eppan,Appiano,402 - Hauptort und/oder Gemeinde > 5.000 Einwohner,2
85152,Bressanone,Brixen,39042,Oberafers,Eores di Sopra,"409 - Weiler, Häusergruppe",3
86542,Caldaro,Kaltern,39052,Altenburg,Castello,408 - Ort < 1.000 Einwohner,4
86729,Malles Venosta,Mals,39024,Schlinig,Slingia,408 - Ort < 1.000 Einwohner,3
86808,Cornedo all'Isarco,Karneid,39053,Blumau,Prato all'Isarco/Prato Tires,408 - Ort < 1.000 Einwohner,4
86975,Bronzolo,Branzoll,39051,Branzoll,Bronzolo,403 - Hauptort und/oder Gemeinde > 1.000 Einwohner,2
86979,Castelrotto,Kastelruth,39040,Pufels,Bulla,408 - Ort < 1.000 Einwohner,3
87173,Bressanone,Brixen,39042,Karnol,Cornale di Sopra,408 - Ort < 1.000 Einwohner,3
87278,Terlano,Terlan,39018,Terlan,Terla,403 - Hauptort und/oder Gemeinde > 1.000 Einwohner,3
88128,Chienes,Kiens,39030,Sankt Sigmund,San Sigismondo,408 - Ort < 1.000 Einwohner,4
88654,Martello,Martell,39020,Martell,Martello,404 - Hauptort und/oder Gemeinde < 1.000 Einwohner,2
89560,Brennero,Brenner,39041,Gossensaß,Colle Isarco,403 - Hauptort und/oder Gemeinde > 1.000 Einwohner,6
89790,Terento,Terenten,39030,Margen,Marga,"409 - Weiler, Häusergruppe",5
90656,Marebbe,Enneberg,39030,Sankt Vigil in Enneberg,San Vigilio di Marebbe,404 - Hauptort und/oder Gemeinde < 1.000 Einwohner,4
91165,S.Candido,Innichen,39038,Vierschach,Versciaco,410 - Einzelhaus,3
91996,S.Leonardo in Passiria,St.Leonhard in Pass.,39015,Schweinsteg,Sant'Orsola,"409 - Weiler, Häusergruppe",6
92028,La Valle,Wengen,39030,Wengen,La Val,404 - Hauptort und/oder Gemeinde < 1.000 Einwohner,1
92869,Renon,Ritten,39054,Oberbozen,Soprabolzano,408 - Ort < 1.000 Einwohner,2
93227,Rifiano,Riffian,39010,Riffian,Rifiano,403 - Hauptort und/oder Gemeinde > 1.000 Einwohner,3
94122,Castelrotto,Kastelruth,39040,Sankt Michael,San Michele,"409 - Weiler, Häusergruppe",4
94896,Salorno,Salurn,39040,Buchholz,Pochi,408 - Ort < 1.000 Einwohner,2
95099,S.Lorenzo di Sebato,St.Lorenzen,39030,Ellen,Elle,408 - Ort < 1.000 Einwohner,0
96341,Aldino,Aldein,39040,Hohlen,Olmi,408 - Ort < 1.000 Einwohner,4
96536,Appiano,Eppan,39057,Unterrain,Riva di Sotto,"409 - Weiler, Häusergruppe",3
97950,Braies,Prags,39030,Prags,Braies,404 - Hauptort und/oder Gemeinde < 1.000 Einwohner,5
98166,Renon,Ritten,39054,Unterinn,Auna di Sotto,408 - Ort < 1.000 Einwohner,3
98591,Laces,Latsch,39021,Goldrain,Coldrano,408 - Ort < 1.000 Einwohner,3
99197,Egna,Neumarkt,39044,Neumarkt,Egna,402 - Hauptort und/oder Gemeinde > 5.000 Einwohner,2
99854,Termeno,Tramin,39040,Söll,Sella,"409 - Weiler, Häusergruppe",5
99924,Bressanone,Brixen,39042,Klerant,Cleran,"409 - Weiler, Häusergruppe",3
100352,Meltina,Mölten,39010,Mölten,Meltina,403 - Hauptort und/oder Gemeinde > 1.000 Einwohner,3
100748,Moso in Passiria,Moos in Passeier,39013,Ulfas,Ulfas,"409 - Weiler, Häusergruppe",0
101485,Vipiteno,Sterzing,39049,Steckholz,Ceppaia,"409 - Weiler, Häusergruppe",4
101609,Scena,Schenna,39017,Verdins,Verdins,408 - Ort < 1.000 Einwohner,0
101890,S.Genesio Atesino,Jenesien,39050,Flaas,Valas,408 - Ort < 1.000 Einwohner,3
102593,Fie' allo Sciliar,Völs am Schlern,39050,Sankt Konstantin,San Constantino,"409 - Weiler, Häusergruppe",4
102640,Ultimo,Ulten,39016,Sankt Gertraud,Santa Geltrude,408 - Ort < 1.000 Einwohner,4
103325,Montagna,Montan,39040,Pinzon,Pinzano,408 - Ort < 1.000 Einwohner,3
103404,Moso in Passiria,Moos in Passeier,39013,Pfelders,Plan,408 - Ort < 1.000 Einwohner,6
103586,Villabassa,Niederdorf,39039,Niederdorf,Villabassa,403 - Hauptort und/oder Gemeinde > 1.000 Einwohner,4
103811,Chiusa,Klausen,39043,Klausen,Chiusa,402 - Hauptort und/oder Gemeinde > 5.000 Einwohner,2
103835,Moso in Passiria,Moos in Passeier,39013,Stuls,Stulles,408 - Ort < 1.000 Einwohner,5
104940,S.Lorenzo di Sebato,St.Lorenzen,39030,Stefansdorf,S. Stefano,"409 - Weiler, Häusergruppe",4
105334,Chiusa,Klausen,39043,Latzfons,Lazfons,407 - Ort > 1.000 Einwohner,1
105343,Campo di Trens,Freienfeld,39040,Trens,Trens,408 - Ort < 1.000 Einwohner,0
105505,Nova Ponente,Deutschnofen,39050,Eggen,S. Nicolò Val d'Ega,408 - Ort < 1.000 Einwohner,4
106044,Fortezza,Franzensfeste,39045,Oberau,Pra di Sopra,"409 - Weiler, Häusergruppe",4
106134,Cornedo all'Isarco,Karneid,39053,Karneid,Corné,408 - Ort < 1.000 Einwohner,3
107088,Caldaro,Kaltern,39052,Sankt Nikolaus,San Nicolò,408 - Ort < 1.000 Einwohner,4
107793,Vipiteno,Sterzing,39049,Sterzing,Stérzen,402 - Hauptort und/oder Gemeinde > 5.000 Einwohner,6
107953,Senale-S.Felice,U.L.Frau i.W.-St.Felix,39010,St. Felix,San Felice,404 - Hauptort und/oder Gemeinde < 1.000 Einwohner,4
108047,Senales,Schnals,39020,Katharinaberg,Santa Caterina,408 - Ort < 1.000 Einwohner,4
108177,Bressanone,Brixen,39042,Albeins,Albes,408 - Ort < 1.000 Einwohner,3
108183,Rasun Anterselva,Rasen-Antholz,39030,Antholz,Anterselva,302 - Großes Gebiet,4
108461,Vipiteno,Sterzing,39049,Thuins,Tunes,408 - Ort < 1.000 Einwohner,5
108584,Silandro,Schlanders,39028,Talatsch,Talaccio,"409 - Weiler, Häusergruppe",5
108735,Castelbello-Ciardes,Kastelbell-Tschars,39020,Marein,Maragno,408 - Ort < 1.000 Einwohner,3
109082,Malles Venosta,Mals,39024,Kloster Marienberg,Convento di Monte Maria,"409 - Weiler, Häusergruppe",3
109119,Stelvio,Stilfs,39029,Sulden,Solda,408 - Ort < 1.000 Einwohner,3
109251,Tesimo,Tisens,39010,Platzers,Plazzoles,408 - Ort < 1.000 Einwohner,3
109378,Bressanone,Brixen,39042,Mellaun,Meluno,"409 - Weiler, Häusergruppe",3
109541,Valdaora,Olang,39030,Olang,Valdaora,403 - Hauptort und/oder Gemeinde > 1.000 Einwohner,3
109726,Trodena,Truden,39040,Sankt Lugan,San Lugano,408 - Ort < 1.000 Einwohner,4
109989,Vandoies,Vintl,39030,Vintl,Vandoies,403 - Hauptort und/oder Gemeinde > 1.000 Einwohner,3
110821,Curon Venosta,Graun im Vinschgau,39027,Graun,Curon Venosta,403 - Hauptort und/oder Gemeinde > 1.000 Einwohner,3
111686,S.Leonardo in Passiria,St.Leonhard in Pass.,39015,Walten,Valtina,408 - Ort < 1.000 Einwohner,5
112927,Cortaccia,Kurtatsch,39040,Penon,Penone,408 - Ort < 1.000 Einwohner,5
113682,Castelbello-Ciardes,Kastelbell-Tschars,39020,Freiberg,Montefranco,"409 - Weiler, Häusergruppe",4
114536,Velturno,Feldthurns,39040,Garn,Caerna,"409 - Weiler, Häusergruppe",3
114833,Villandro,Villanders,39040,Villanders,Villandro,403 - Hauptort und/oder Gemeinde > 1.000 Einwohner,5
115059,Silandro,Schlanders,39028,Göflan,Govelano,408 - Ort < 1.000 Einwohner,3
115492,Varna,Vahrn,39040,Vahrn,Varna,403 - Hauptort und/oder Gemeinde > 1.000 Einwohner,5
115913,Renon,Ritten,39054,Klobenstein,Collalbo,407 - Ort > 1.000 Einwohner,4
116584,Parcines,Partschins,39020,Tabland,Tablà,"409 - Weiler, Häusergruppe",3
116936,Sesto,Sexten,39030,Sexten,Sesto,403 - Hauptort und/oder Gemeinde > 1.000 Einwohner,2
117253,Laives,Leifers,39055,St. Jakob,San Giacomo,407 - Ort > 1.000 Einwohner,4
117750,Bolzano,Bozen,39100,Bozen,Bolzano,401 - Hauptort und/oder Gemeinde > 30.000 Einwohner,2
117811,Val di Vizze,Pfitsch,39049,Schmuders,Smudres,"409 - Weiler, Häusergruppe",5
119327,Cornedo all'Isarco,Karneid,39053,Gummer,S. Valentino in Campo,408 - Ort < 1.000 Einwohner,6
119913,S.Pancrazio,St.Pankraz,39010,St. Helena,S. Elena,412 - Historisches Bauwerk,4
120176,Val di Vizze,Pfitsch,39049,St. Jakob,S. Giacomo,408 - Ort < 1.000 Einwohner,3
120638,Falzes,Pfalzen,39030,Mühlen,Molini,"409 - Weiler, Häusergruppe",4
121375,Lana,Lana,39011,Pawigl,Pavicolo,408 - Ort < 1.000 Einwohner,3
121492,Badia,Abtei,39036,Sankt Kassian,San Cassiano,408 - Ort < 1.000 Einwohner,4
121812,Selva dei Molini,Mühlwald,39030,Mühlwald,Selva dei Molini,403 - Hauptort und/oder Gemeinde > 1.000 Einwohner,4
121829,Sarentino,Sarntal,39058,Pens,Pennes,408 - Ort < 1.000 Einwohner,1
122379,Racines,Ratschings,39040,Jaufental,Valgiovo,302 - Großes Gebiet,4
122585,Curon Venosta,Graun im Vinschgau,39027,Pedross,Pedross,"409 - Weiler, Häusergruppe",1
122707,Bolzano,Bozen,39100,Oberau,Oltrisarco,"409 - Weiler, Häusergruppe",3
123008,Valle Aurina,Ahrntal,39030,Steinhaus,Cadipietra,404 - Hauptort und/oder Gemeinde < 1.000 Einwohner,4
123063,Fie' allo Sciliar,Völs am Schlern,39050,Oberaicha,Àica di Sotto,408 - Ort < 1.000 Einwohner,4
123069,Rio di Pusteria,Mühlbach,39037,Spinges,Spinga,408 - Ort < 1.000 Einwohner,3
124416,Villandro,Villanders,39040,St. Moritz,S. Maurizio,"409 - Weiler, Häusergruppe",4
125503,Renon,Ritten,39054,Wolfsgruben,Costalovara,"409 - Weiler, Häusergruppe",6
126020,Silandro,Schlanders,39028,Vetzan,Vezzano,408 - Ort < 1.000 Einwohner,3
126856,S.Leonardo in Passiria,St.Leonhard in Pass.,39015,Sankt Leonhard in Passeier,San Leonardo in Passiria,403 - Hauptort und/oder Gemeinde > 1.000 Einwohner,4
126977,Fortezza,Franzensfeste,39045,Mittewald,Mezzaselva,408 - Ort < 1.000 Einwohner,4
127459,Corvara in Badia,Corvara,39033,Kurfar,Corvara,403 - Hauptort und/oder Gemeinde > 1.000 Einwohner,1
128166,Val di Vizze,Pfitsch,39049,Flains,Flaines,"409 - Weiler, Häusergruppe",1
128507,S.Lorenzo di Sebato,St.Lorenzen,39030,Onach,Onies,408 - Ort < 1.000 Einwohner,3
128533,S.Genesio Atesino,Jenesien,39050,Afing,Avigna,408 - Ort < 1.000 Einwohner,3
129485,Brunico,Bruneck,39031,Aufhofen,Villa S. Caterina,408 - Ort < 1.000 Einwohner,6
129717,Campo di Trens,Freienfeld,39040,Mauls,Mules,408 - Ort < 1.000 Einwohner,3
130639,Funes,Villnöss,39040,Villnöß,Funes,403 - Hauptort und/oder Gemeinde > 1.000 Einwohner,5
130944,Nova Ponente,Deutschnofen,39050,Birchabruck,Ponte Nova,408 - Ort < 1.000 Einwohner,4
131323,Tirolo,Tirol,39019,Tirol,Tirolo,403 - Hauptort und/oder Gemeinde > 1.000 Einwohner,2
132441,Racines,Ratschings,39040,Telfes,Telves,408 - Ort < 1.000 Einwohner,1
132871,Velturno,Feldthurns,39040,Feldthurns,Velturno,403 - Hauptort und/oder Gemeinde > 1.000 Einwohner,5
132935,Laces,Latsch,39021,Tarsch,Tarres,408 - Ort < 1.000 Einwohner,3
133982,Caldaro,Kaltern,39052,Oberplanitzing,Planezza di Sopra,408 - Ort < 1.000 Einwohner,3
134072,Vadena,Pfatten,39051,Pfatten,Vadena,403 - Hauptort und/oder Gemeinde > 1.000 Einwohner,2
135095,Falzes,Pfalzen,39030,Issing,Issengo,"409 - Weiler, Häusergruppe",5
135902,Merano,Meran,39012,Obermais,Maia Alta,"409 - Weiler, Häusergruppe",2
136211,Gais,Gais,39030,Mühlbach,Riomolino,408 - Ort < 1.000 Einwohner,4
136258,S.Martino in Badia,St.Martin in Thurn,39030,Untermoi,Antermoia,408 - Ort < 1.000 Einwohner,1
136526,Terlano,Terlan,39018,Vilpian,Vilpiano,408 - Ort < 1.000 Einwohner,3
137932,Moso in Passiria,Moos in Passeier,39013,Moos,Moso,403 - Hauptort und/oder Gemeinde > 1.000 Einwohner,4
138046,Cortaccia,Kurtatsch,39040,Graun,Curón,408 - Ort < 1.000 Einwohner,3
138069,Malles Venosta,Mals,39024,Schleis,Clusio,408 - Ort < 1.000 Einwohner,3
138256,Moso in Passiria,Moos in Passeier,39013,Platt,Plata,408 - Ort < 1.000 Einwohner,4
138690,Marebbe,Enneberg,39030,Montal,Mantena,"409 - Weiler, Häusergruppe",3
139751,Falzes,Pfalzen,39030,Platten,Plata,"409 - Weiler, Häusergruppe",4
139903,Fie' allo Sciliar,Völs am Schlern,39050,Völs,Fié,403 - Hauptort und/oder Gemeinde > 1.000 Einwohner,3
140050,S.Candido,Innichen,39038,Innichen,San Candido,403 - Hauptort und/oder Gemeinde > 1.000 Einwohner,2
140052,S.Genesio Atesino,Jenesien,39050,Jenesien,S. Genesio,403 - Hauptort und/oder Gemeinde > 1.000 Einwohner,4
140168,Cortaccia,Kurtatsch,39040,Kurtatsch,Cortaccia,403 - Hauptort und/oder Gemeinde > 1.000 Einwohner,2
140517,Rasun Anterselva,Rasen-Antholz,39030,Oberrasen,Rasun di Sopra,408 - Ort < 1.000 Einwohner,4
140887,Valle di Casies,Gsies,39030,Sankt Magdalena,Santa Maddalena,408 - Ort < 1.000 Einwohner,4
141207,Vandoies,Vintl,39030,Pfunders,Fundres,408 - Ort < 1.000 Einwohner,1
141298,Martello,Martell,39020,Gand,Ganda,408 - Ort < 1.000 Einwohner,5
141596,Brennero,Brenner,39041,Brenner,Brennero,408 - Ort < 1.000 Einwohner,2
141636,Glorenza,Glurns,39020,Glurns,Glorenza,404 - Hauptort und/oder Gemeinde < 1.000 Einwohner,3
141967,Naz-Sciaves,Natz-Schabs,39040,Schabs,Sciaves,403 - Hauptort und/oder Gemeinde > 1.000 Einwohner,3
142424,Naturno,Naturns,39025,Naturns,Naturno,402 - Hauptort und/oder Gemeinde > 5.000 Einwohner,5
143557,Luson,Lüsen,39040,Lüsen,Luson,403 - Hauptort und/oder Gemeinde > 1.000 Einwohner,5
144118,Aldino,Aldein,39040,Radein,Redagno,408 - Ort < 1.000 Einwohner,3
144168,Valle Aurina,Ahrntal,39030,Sankt Johann,San Giovanni,408 - Ort < 1.000 Einwohner,4
144267,Lasa,Laas,39023,Tschengls,Cengles,408 - Ort < 1.000 Einwohner,5
145009,Ortisei,St.Ulrich,39046,Sankt Ulrich,Ortisei,403 - Hauptort und/oder Gemeinde > 1.000 Einwohner,1
145830,Curon Venosta,Graun im Vinschgau,39027,Melag,Melago,"409 - Weiler, Häusergruppe",3
146189,S.Cristina Valgardena,St.Christina in Gröden,39047,Sankt Christina,Santa Cristina,403 - Hauptort und/oder Gemeinde > 1.000 Einwohner,4
146596,Campo Tures,Sand in Taufers,39032,Kematen,Caminata,408 - Ort < 1.000 Einwohner,3
146720,Castelbello-Ciardes,Kastelbell-Tschars,39020,Kastelbell,Castelbello,403 - Hauptort und/oder Gemeinde > 1.000 Einwohner,2
147775,Varna,Vahrn,39040,Neustift,Novacella,408 - Ort < 1.000 Einwohner,4
147974,Laion,Lajen,39040,Tanirz,Tanurza,"409 - Weiler, Häusergruppe",3
148086,Appiano,Eppan,39057,Sankt Pauls,San Paolo,407 - Ort > 1.000 Einwohner,4
148670,S.Martino in Badia,St.Martin in Thurn,39030,Sankt Martin in Thurn,San Martino,403 - Hauptort und/oder Gemeinde > 1.000 Einwohner,1
148916,Renon,Ritten,39054,Atzwang,Campodazzo,"409 - Weiler, Häusergruppe",4
149850,Prato allo Stelvio,Prad am Stilfser Joch,39026,Lichtenberg,Montechiaro,408 - Ort < 1.000 Einwohner,4
149906,Valle Aurina,Ahrntal,39030,Sankt Jakob,San Giacomo,408 - Ort < 1.000 Einwohner,4
150014,Avelengo,Hafling,39010,Hafling,Avelengo,404 - Hauptort und/oder Gemeinde < 1.000 Einwohner,5
150877,Malles Venosta,Mals,39024,Burgeis,Burgusio,408 - Ort < 1.000 Einwohner,3
152170,Chienes,Kiens,39030,Kiens,Chienes,403 - Hauptort und/oder Gemeinde > 1.000 Einwohner,1
152267,Scena,Schenna,39017,Schenna,Scena,403 - Hauptort und/oder Gemeinde > 1.000 Einwohner,1
152324,Valle di Casies,Gsies,39030,Pichl,Colle,408 - Ort < 1.000 Einwohner,4
152696,Laion,Lajen,39040,Albions,Albions,408 - Ort < 1.000 Einwohner,0
152713,S.Pancrazio,St.Pankraz,39010,Sankt Pankraz,San Pancrazio,403 - Hauptort und/oder Gemeinde > 1.000 Einwohner,4
152742,Scena,Schenna,39017,Tall,Talle,303 - Mittelgroßes Gebiet,3
153047,Racines,Ratschings,39040,St. Anton,Sant'Antonio,413 - Kleineres Bauwerk,4
153446,Castelrotto,Kastelruth,39040,Sankt Oswald,Sant’Osvaldo,"409 - Weiler, Häusergruppe",4
153510,Falzes,Pfalzen,39030,Greinwalden,Grimaldo,"409 - Weiler, Häusergruppe",3
154868,Senales,Schnals,39020,Vernagt,Vernago,"409 - Weiler, Häusergruppe",3
154890,Stelvio,Stilfs,39029,Gomagoi,Gomagoi,408 - Ort < 1.000 Einwohner,0
154974,Monguelfo-Tesido,Welsberg-Taisten,39035,Taisten,Tesido,407 - Ort > 1.000 Einwohner,3
155209,Valle Aurina,Ahrntal,39030,Luttach,Lutago,408 - Ort < 1.000 Einwohner,5
156672,Tesimo,Tisens,39010,Grissian,Grissano,408 - Ort < 1.000 Einwohner,3
156943,Parcines,Partschins,39020,Rabland,Rablà,408 - Ort < 1.000 Einwohner,5
157554,Castelrotto,Kastelruth,39040,Tagusens,Tagusa,"409 - Weiler, Häusergruppe",3
158725,Bressanone,Brixen,39042,Sarns,Sarnes,408 - Ort < 1.000 Einwohner,1
159283,S.Lorenzo di Sebato,St.Lorenzen,39030,Sankt Lorenzen,San Lorenzo,403 - Hauptort und/oder Gemeinde > 1.000 Einwohner,1
159311,S.Genesio Atesino,Jenesien,39050,Glaning,Cologna,"409 - Weiler, Häusergruppe",3
159785,Bressanone,Brixen,39042,Tschötsch,Scezze,408 - Ort < 1.000 Einwohner,3
160809,Naturno,Naturns,39025,Staben,Stava,408 - Ort < 1.000 Einwohner,3
161246,Cortina,Kurtinig,39040,Kurtinig,Cortina,404 - Hauptort und/oder Gemeinde < 1.000 Einwohner,2
161982,Dobbiaco,Toblach,39034,Wahlen,Valle S. Silvestro,408 - Ort < 1.000 Einwohner,6
163088,Malles Venosta,Mals,39024,Matsch,Mazia,408 - Ort < 1.000 Einwohner,3
163529,Bressanone,Brixen,39042,Elvas,Elvas,408 - Ort < 1.000 Einwohner,1
163801,Tubre,Taufers im Münstertal,39020,Rifair,Rivaira di Sotto,408 - Ort < 1.000 Einwohner,3
163993,Appiano,Eppan,39057,Frangart,Frangarto,408 - Ort < 1.000 Einwohner,5
165432,Varna,Vahrn,39040,Spiluck,Spelonca,"409 - Weiler, Häusergruppe",3
166183,Renon,Ritten,39054,Signat,Signato,"409 - Weiler, Häusergruppe",3
166590,Trodena,Truden,39040,Mühlen,Molini,"409 - Weiler, Häusergruppe",4
167852,Rio di Pusteria,Mühlbach,39037,Mühlbach,Rio Pusteria,403 - Hauptort und/oder Gemeinde > 1.000 Einwohner,6
168013,Tires,Tiers,39050,Tiers,Tires,404 - Hauptort und/oder Gemeinde < 1.000 Einwohner,3
168161,Laces,Latsch,39021,St. Martin,S. Martino al Monte,"409 - Weiler, Häusergruppe",4
168731,Tubre,Taufers im Münstertal,39020,Taufers,Tubre,404 - Hauptort und/oder Gemeinde < 1.000 Einwohner,2
170766,Fortezza,Franzensfeste,39045,Grasstein,Le Cave,408 - Ort < 1.000 Einwohner,4
171077,Ultimo,Ulten,39016,Kuppelwies,Pracupola,408 - Ort < 1.000 Einwohner,6
171613,Campo di Trens,Freienfeld,39040,Freienfeld,Campo di Trens,403 - Hauptort und/oder Gemeinde > 1.000 Einwohner,4
172816,Merano,Meran,39012,Sinich,Sinigo,407 - Ort > 1.000 Einwohner,3
285801,Lagundo,Algund,39022,Oberplars,Plars di Sopra,408 - Ort < 1.000 Einwohner,0
285804,Perca,Percha,39030,Oberwielenbach,Vila di Sopra,408 - Ort < 1.000 Einwohner,6
285852,Campo Tures,Sand in Taufers,39032,Taufers,Tubre,408 - Ort < 1.000 Einwohner,3
285862,Nova Ponente,Deutschnofen,39050,Weißenstein,Pietralba,"409 - Weiler, Häusergruppe",4
285868,Marebbe,Enneberg,39030,Rina / Welschellen,Rina,408 - Ort < 1.000 Einwohner,1
486,Moso in Passiria,Moos in Passeier,39013,St. Martin am Schneeberg,San Martino Monteneve,412 - Historisches Bauwerk,4
1731,Brennero,Brenner,39041,Anichen,Anice,"409 - Weiler, Häusergruppe",5
1858,Rasun Anterselva,Rasen-Antholz,39030,Neunhäusern,Nove Case,"409 - Weiler, Häusergruppe",4
3911,Rodengo,Rodeneck,39037,Vill,Villa,404 - Hauptort und/oder Gemeinde < 1.000 Einwohner,3
6724,Racines,Ratschings,39040,Obertelfes,Telves di Sopra,408 - Ort < 1.000 Einwohner,1
7866,Valle di Casies,Gsies,39030,Ampfertal,Valleromice,"409 - Weiler, Häusergruppe",4
9319,Campo Tures,Sand in Taufers,39032,St. Walburg,S. Valburga,412 - Historisches Bauwerk,4
12232,Aldino,Aldein,39040,Jochgrimm,Occhini,304 - Kleines Gebiet,6
12954,Stelvio,Stilfs,39029,Faslar,Fossalara,"409 - Weiler, Häusergruppe",5
13365,Badia,Abtei,39036,Pedratsches,Pedraces,408 - Ort < 1.000 Einwohner,1
14201,Egna,Neumarkt,39044,Vill,Villa,408 - Ort < 1.000 Einwohner,3
14583,Castelbello-Ciardes,Kastelbell-Tschars,39020,Galsaun,Colsano,408 - Ort < 1.000 Einwohner,3
15587,Lana,Lana,39011,St. Peter,S. Pietro,412 - Historisches Bauwerk,4
17147,Bolzano,Bozen,39100,St. Peter,S. Pietro,"409 - Weiler, Häusergruppe",4
18759,La Valle,Wengen,39030,Pederoa,Pederoa,408 - Ort < 1.000 Einwohner,1
21054,Perca,Percha,39030,Unterwielenbach,Vila di Sotto,408 - Ort < 1.000 Einwohner,4
21163,Martello,Martell,39020,Ennewasser,Transacqua,408 - Ort < 1.000 Einwohner,4
21355,Lagundo,Algund,39022,Mitterplars,Plars di Mezzo,"409 - Weiler, Häusergruppe",0
22243,Castelrotto,Kastelruth,39040,St. Valentin,S. Valentino,"409 - Weiler, Häusergruppe",4
22372,Braies,Prags,39030,Plätzwiese,Prato Piazza,303 - Mittelgroßes Gebiet,4
23090,Chiusa,Klausen,39043,Frag,Fraghes,408 - Ort < 1.000 Einwohner,5
26980,Badia,Abtei,39036,Adang,Adan,"409 - Weiler, Häusergruppe",1
27180,Curon Venosta,Graun im Vinschgau,39027,Langtaufers,Vallelunga,302 - Großes Gebiet,2
28582,Badia,Abtei,39036,St. Leonhard,S. Leonardo,408 - Ort < 1.000 Einwohner,4
30744,Senales,Schnals,39020,Schnals,Senales,403 - Hauptort und/oder Gemeinde > 1.000 Einwohner,5
30826,Moso in Passiria,Moos in Passeier,39013,Pill,Bovile,304 - Kleines Gebiet,4
31282,Tesimo,Tisens,39010,Schernag,Schernag,408 - Ort < 1.000 Einwohner,3
31734,Caldaro,Kaltern,39052,Sankt Anton,Sant’Antonio,408 - Ort < 1.000 Einwohner,4
34477,Sarentino,Sarntal,39058,Muls,Mules,"409 - Weiler, Häusergruppe",5
35622,Scena,Schenna,39017,Schönnaberg,Montescena,304 - Kleines Gebiet,1
36026,Castelrotto,Kastelruth,39040,Überwasser,Oltretorrente,408 - Ort < 1.000 Einwohner,3
39047,Funes,Villnöss,39040,Sankt Peter,San Pietro,404 - Hauptort und/oder Gemeinde < 1.000 Einwohner,4
39134,Aldino,Aldein,39040,Oberradein,Redagno di Sopra,408 - Ort < 1.000 Einwohner,3
39641,Vandoies,Vintl,39030,Huntsdorf,Huntsorf,408 - Ort < 1.000 Einwohner,4
40886,Rodengo,Rodeneck,39037,St. Pauls,S. Paolo,"409 - Weiler, Häusergruppe",4
41031,Trodena,Truden,39040,Koppara,Copara,410 - Einzelhaus,2
41892,Nova Ponente,Deutschnofen,39050,Obereggen,Obereggen,"409 - Weiler, Häusergruppe",6
43598,Braies,Prags,39030,Innerprags,Braies di Dentro,303 - Mittelgroßes Gebiet,5
45131,Caldaro,Kaltern,39052,St. Josef am See,S. Giuseppe al Lago,412 - Historisches Bauwerk,4
45634,Selva dei Molini,Mühlwald,39030,Außermühlwald,Selva dei Molini (di Fuori),303 - Mittelgroßes Gebiet,4
46021,Renon,Ritten,39054,Siffian,Siffiano,"409 - Weiler, Häusergruppe",3
46481,Vandoies,Vintl,39030,Hinterdrttel,Terzo di Dentro,303 - Mittelgroßes Gebiet,4
46857,Stelvio,Stilfs,39029,Stilfs,Stelvio,403 - Hauptort und/oder Gemeinde > 1.000 Einwohner,2
47857,Braies,Prags,39030,Schmieden,Ferrara,408 - Ort < 1.000 Einwohner,4
49121,Termeno,Tramin,39040,Kastellaz,Castellaccio,304 - Kleines Gebiet,2
49502,Racines,Ratschings,39040,Mittertal,Val di Mezzo,408 - Ort < 1.000 Einwohner,4
52806,S.Martino in Badia,St.Martin in Thurn,39030,Seres,Seres,"409 - Weiler, Häusergruppe",1
54055,Vipiteno,Sterzing,39049,Unterried,Novale di Sotto,408 - Ort < 1.000 Einwohner,3
54246,Val di Vizze,Pfitsch,39049,St. Jakob,S. Giacomo,303 - Mittelgroßes Gebiet,4
54798,Rasun Anterselva,Rasen-Antholz,39030,Antholz-Mittertal,Anterselva di Mezzo,408 - Ort < 1.000 Einwohner,4
56110,S.Lorenzo di Sebato,St.Lorenzen,39030,St. Martin-Moos,San Martino-Palù,408 - Ort < 1.000 Einwohner,1
56563,Sesto,Sexten,39030,Moos,Moso,408 - Ort < 1.000 Einwohner,6
56959,Tesimo,Tisens,39010,Prissian,Prissiano,408 - Ort < 1.000 Einwohner,3
59918,Lagundo,Algund,39022,Schloss Plars,Castello Plars,412 - Historisches Bauwerk,0
61792,Rasun Anterselva,Rasen-Antholz,39030,Antholz-Obertal,Anterselva di Sopra,303 - Mittelgroßes Gebiet,4
62368,Braies,Prags,39030,Brückele,Ponticello,304 - Kleines Gebiet,4
62477,Castelrotto,Kastelruth,39040,St. Vigil,San Vigilio,"409 - Weiler, Häusergruppe",4
63081,Lana,Lana,39011,St. Margarethen,S. Margherita,412 - Historisches Bauwerk,4
65876,Marlengo,Marling,39020,Nörder,Tramontana,303 - Mittelgroßes Gebiet,4
65918,Montagna,Montan,39040,Kalditsch,Doladizza,408 - Ort < 1.000 Einwohner,2
67488,Racines,Ratschings,39040,Untertelfes,Telves di Sotto,408 - Ort < 1.000 Einwohner,1
70384,Curon Venosta,Graun im Vinschgau,39027,Anger,Maso Angher,"409 - Weiler, Häusergruppe",4
71290,Racines,Ratschings,39040,Gasteig,Casateia,408 - Ort < 1.000 Einwohner,5
71817,Bressanone,Brixen,39042,Musberg,Monte Muschio,304 - Kleines Gebiet,4
72493,Barbiano,Barbian,39040,Saubach,Saubach,"409 - Weiler, Häusergruppe",6
72611,Vandoies,Vintl,39030,Schaldern,Scalder,"409 - Weiler, Häusergruppe",6
73708,Vandoies,Vintl,39030,Weitenberg,Alpe di Monte Largo,303 - Mittelgroßes Gebiet,4
75009,S.Martino in Badia,St.Martin in Thurn,39030,Valdander,Valdander,304 - Kleines Gebiet,1
75065,Naz-Sciaves,Natz-Schabs,39040,Aicha,Aica,408 - Ort < 1.000 Einwohner,5
75755,Senales,Schnals,39020,Pfossental,Valle di Fosse,302 - Großes Gebiet,4
77072,Avelengo,Hafling,39010,St. Katharina,S. Caterina,412 - Historisches Bauwerk,4
77739,Ultimo,Ulten,39016,Ulten,Oltemo,403 - Hauptort und/oder Gemeinde > 1.000 Einwohner,3
78694,Curon Venosta,Graun im Vinschgau,39027,Dörfl,Monteplair,408 - Ort < 1.000 Einwohner,3
80193,Valle di Casies,Gsies,39030,Karbach,Quaira,303 - Mittelgroßes Gebiet,5
81102,Merano,Meran,39012,Mais,Maia,406 - Ort > 5.000 Einwohner,2
84360,Selva di Val Gardena,Wolkenstein in Gröden,39048,Plan,Plan,"409 - Weiler, Häusergruppe",1
84644,Fortezza,Franzensfeste,39045,Sack,Sacco,304 - Kleines Gebiet,4
89658,Val di Vizze,Pfitsch,39049,Fussendras,Fossa Trues,"409 - Weiler, Häusergruppe",3
90972,Fie' allo Sciliar,Völs am Schlern,39050,St. Kathrein,S. Caterina,"409 - Weiler, Häusergruppe",4
91851,Castelrotto,Kastelruth,39040,Tschapit,Cepei,303 - Mittelgroßes Gebiet,3
91899,Funes,Villnöss,39040,Sankt Magdalena,Santa Maddalena,408 - Ort < 1.000 Einwohner,4
92004,Malles Venosta,Mals,39024,Amberg,Al Monte,"409 - Weiler, Häusergruppe",4
93215,Selva di Val Gardena,Wolkenstein in Gröden,39048,Plan de Tieja,Plan de Tiesa,408 - Ort < 1.000 Einwohner,3
93360,Bressanone,Brixen,39042,St. Georgen in Afers,S. Giorgio in Eores,408 - Ort < 1.000 Einwohner,3
94454,Senale-S.Felice,U.L.Frau i.W.-St.Felix,39010,Kofler,Covolo,410 - Einzelhaus,3
94955,Rodengo,Rodeneck,39037,Gifen,Chivo,408 - Ort < 1.000 Einwohner,3
95163,Rasun Anterselva,Rasen-Antholz,39030,Passler,Passler,304 - Kleines Gebiet,0
95564,Campo Tures,Sand in Taufers,39032,St. Moritzen,S. Maurizio,412 - Historisches Bauwerk,4
96032,Corvara in Badia,Corvara,39033,Pescosta,Pescosta,408 - Ort < 1.000 Einwohner,1
96781,Tesimo,Tisens,39010,Kasatschberg,Casaccia,304 - Kleines Gebiet,3
101678,Naz-Sciaves,Natz-Schabs,39040,Raas,Rasa,408 - Ort < 1.000 Einwohner,5
103577,Valle di Casies,Gsies,39030,Außerpichl,Colle di Fuori,408 - Ort < 1.000 Einwohner,4
103616,Velturno,Feldthurns,39040,Fürholz,Taverna,410 - Einzelhaus,6
104392,Racines,Ratschings,39040,Außerratschings,Racines di Fuori,303 - Mittelgroßes Gebiet,1
105035,Bolzano,Bozen,39100,Zwölfmalgreien,Le Malgreien,408 - Ort < 1.000 Einwohner,4
107235,Chienes,Kiens,39030,Kienberg,Monte d'Abete,303 - Mittelgroßes Gebiet,4
107382,Villandro,Villanders,39040,Sankt Valentin,San Valentino,412 - Historisches Bauwerk,4
109134,Curon Venosta,Graun im Vinschgau,39027,Kapron,Caprone,408 - Ort < 1.000 Einwohner,3
111078,Laion,Lajen,39040,Unterried,Novale di Sotto,408 - Ort < 1.000 Einwohner,4
111895,S.Lorenzo di Sebato,St.Lorenzen,39030,Montal,Mantana,408 - Ort < 1.000 Einwohner,3
112705,Rasun Anterselva,Rasen-Antholz,39030,Antholz-Niedertal,Anterselva di Sotto,408 - Ort < 1.000 Einwohner,4
114811,Castelrotto,Kastelruth,39040,Puflatsch,Bullaccia,303 - Mittelgroßes Gebiet,3
115720,Sesto,Sexten,39030,St. Veit,S. Vito,408 - Ort < 1.000 Einwohner,2
115844,Lana,Lana,39011,Niederlana,Lana di Sotto,408 - Ort < 1.000 Einwohner,0
121072,Vipiteno,Sterzing,39049,Tschöfs-Feld,Campi di Ceves,304 - Kleines Gebiet,4
121665,Tirolo,Tirol,39019,St. Peter,S. Pietro,412 - Historisches Bauwerk,4
125134,Sarentino,Sarntal,39058,Astfeld,Campolasta,408 - Ort < 1.000 Einwohner,4
125568,Appiano,Eppan,39057,Gand,Ganda,408 - Ort < 1.000 Einwohner,5
125740,Valle di Casies,Gsies,39030,Sankt Martin,San Martino,404 - Hauptort und/oder Gemeinde < 1.000 Einwohner,4
129550,Laion,Lajen,39040,St. Peter im Tal,S. Pietro in Valle,"409 - Weiler, Häusergruppe",4
130223,Bressanone,Brixen,39042,Tötschling,Tecelinga,"409 - Weiler, Häusergruppe",5
130622,Nova Ponente,Deutschnofen,39050,Köhlhof,Maso dei Cavoli,410 - Einzelhaus,4
131485,S.Martino in Passiria,St.Martin in Passeier,39010,Kalmtal,Valle Clava,303 - Mittelgroßes Gebiet,4
133952,Sarentino,Sarntal,39058,Sarntal,Val Sarentino,402 - Hauptort und/oder Gemeinde > 5.000 Einwohner,5
135991,Appiano,Eppan,39057,Schulthaus,Castel Palù,304 - Kleines Gebiet,4
136521,Bolzano,Bozen,39100,St. Magdalena,S. Maddalena,"409 - Weiler, Häusergruppe",4
138222,Valle Aurina,Ahrntal,39030,Klamme,Burrone,304 - Kleines Gebiet,4
138377,Renon,Ritten,39054,Antlas,Antlas,"409 - Weiler, Häusergruppe",0
143458,Racines,Ratschings,39040,Innerratschings,Racines di Dentro,303 - Mittelgroßes Gebiet,1
143770,Marebbe,Enneberg,39030,Pfarre,La Pieve,408 - Ort < 1.000 Einwohner,1
145049,Cortaccia,Kurtatsch,39040,Rungg,Ronchi,304 - Kleines Gebiet,3
145321,Tesimo,Tisens,39010,Tisner Vorbichl,Colli,304 - Kleines Gebiet,4
146871,Castelrotto,Kastelruth,39040,Seiser Alm,Alpe di Siusi,302 - Großes Gebiet,3
148345,Braies,Prags,39030,Außerprags,Braies di Fuori,303 - Mittelgroßes Gebiet,5
148811,Marlengo,Marling,39020,Marlinger Berg,Monte Marlengo,303 - Mittelgroßes Gebiet,3
150871,Appiano,Eppan,39057,St. Pauls,S. Paolo,304 - Kleines Gebiet,4
154891,Naturno,Naturns,39025,Tabland,Tablà,408 - Ort < 1.000 Einwohner,3
156488,Selva di Val Gardena,Wolkenstein in Gröden,39048,La Poza,La Pozza,408 - Ort < 1.000 Einwohner,1
156737,Tires,Tiers,39050,Niger,Nigra,304 - Kleines Gebiet,3
160369,Valle di Casies,Gsies,39030,Gsies,Casies,403 - Hauptort und/oder Gemeinde > 1.000 Einwohner,5
160538,Brennero,Brenner,39041,Außerpflersch,Fleres di Fuori,"409 - Weiler, Häusergruppe",5
162745,Aldino,Aldein,39040,Unterradein,Redagno di Sotto,408 - Ort < 1.000 Einwohner,3
164138,Martello,Martell,39020,Waldberg,Selva,303 - Mittelgroßes Gebiet,4
164758,Moso in Passiria,Moos in Passeier,39013,Prisch,Prisca,410 - Einzelhaus,5
167035,Brennero,Brenner,39041,Innerpflersch,Fleres di Dentro,408 - Ort < 1.000 Einwohner,5
169844,S.Pancrazio,St.Pankraz,39010,Nörderberg,Monte Tramontana,303 - Mittelgroßes Gebiet,4
170408,Racines,Ratschings,39040,Bühel,Colle,408 - Ort < 1.000 Einwohner,4
170666,Brunico,Bruneck,39031,Amaten,Ameto,"409 - Weiler, Häusergruppe",5
285789,Martello,Martell,39020,Meiern,Valle,404 - Hauptort und/oder Gemeinde < 1.000 Einwohner,6
285805,Castelrotto,Kastelruth,39040,Passberg,Passua,408 - Ort < 1.000 Einwohner,3
285847,Funes,Villnöss,39040,St. Valentin,S. Valentino,"409 - Weiler, Häusergruppe",4
285861,Valle Aurina,Ahrntal,39030,Weißenbach,Riobianco,408 - Ort < 1.000 Einwohner,4
